Rank,Feature,Mean_Abs_Coef,Mean_Rank,Rank_Variance,Stability_K800,Stability_K120,Stability_K50
1,GLYCL,0.572845,5.9,29.1,1.0,1.0,1.0
2,PUNP6,0.547274,64.9,32094.4,1.0,0.867,0.8
3,PPK2,0.484734,15.7,295.1,1.0,1.0,0.933
4,CDAPPA160,0.447151,38.3,11195.2,1.0,0.933,0.933
5,GMPS2,0.394615,30.7,943.0,1.0,1.0,0.733
6,PYK,0.37629,60.2,17670.5,1.0,0.933,0.8
7,THRA,0.362748,195.1,99645.1,1.0,0.733,0.733
8,SO4t2pp,0.355906,109.1,57838.7,1.0,0.867,0.8
9,DASYN160,0.348143,37.9,2944.7,1.0,0.867,0.867
10,THRD,0.333774,141.2,67979.9,1.0,0.8,0.733
11,3PEPTabcpp,0.328235,88.7,24446.8,1.0,0.867,0.733
12,ALAALAabcpp,0.302379,91.6,29598.4,1.0,0.867,0.733
13,GK1,0.28709,74.8,12608.2,1.0,0.8,0.667
14,ASNS1,0.281124,89.9,17605.9,1.0,0.8,0.6
15,PAPSR,0.272803,85.4,23228.5,1.0,0.867,0.6
16,CYSS,0.268461,47.5,2629.4,1.0,0.933,0.8
17,FE3Ri,0.265434,77.3,4610.5,1.0,0.733,0.467
18,FE3abcpp,0.264135,78.0,4559.6,1.0,0.733,0.467
19,FBP,0.257791,97.3,10918.6,1.0,0.6,0.533
20,THRt2pp,0.2468,51.2,1568.3,1.0,0.933,0.8
21,FTHFD,0.225267,75.1,6534.8,1.0,0.8,0.6
22,EX_gthrd_e,0.217601,91.8,12065.0,1.0,0.867,0.533
23,ICHORS_copy1,0.217284,146.2,45714.0,1.0,0.667,0.533
24,ADK1,0.216808,140.3,29736.6,1.0,0.733,0.533
25,CYTD,0.214333,101.8,11343.3,1.0,0.667,0.467
26,IPDDI,0.20949,308.1,120792.7,1.0,0.533,0.4
27,PPS,0.209396,225.1,58096.8,1.0,0.6,0.333
28,EX_colipap_e,0.206013,62.3,1320.9,1.0,0.867,0.467
29,COLIPAKpp,0.206013,61.1,1294.0,1.0,0.867,0.467
30,COLIPAPabctex,0.206013,62.0,1340.1,1.0,0.867,0.467
31,P5CR,0.205312,138.5,53524.1,1.0,0.867,0.467
32,FACOAE181,0.200998,109.4,16910.3,1.0,0.733,0.4
33,URIK2,0.199249,289.0,98187.9,1.0,0.533,0.4
34,AACPS5,0.195273,110.1,16347.6,1.0,0.733,0.4
35,G3PD5,0.195037,92.7,6526.0,1.0,0.667,0.4
36,UM3PL,0.190548,168.7,44773.1,1.0,0.6,0.267
37,COBALT2abcpp,0.185681,152.5,34266.4,1.0,0.667,0.333
38,EX_thr__L_e,0.181928,108.1,8709.2,1.0,0.6,0.4
39,THRtex,0.181928,162.7,51487.8,1.0,0.6,0.333
40,CA2t3pp,0.177315,167.5,28174.4,1.0,0.667,0.267
41,ALAt4pp,0.175201,142.9,21343.8,1.0,0.733,0.333
42,CAt6pp,0.175201,146.2,23869.5,1.0,0.733,0.333
43,CBPS,0.17249,186.2,29998.2,1.0,0.667,0.133
44,FTHFLi,0.171926,169.5,32686.0,1.0,0.467,0.333
45,EX_pro__L_e,0.169691,134.7,16477.0,1.0,0.6,0.333
46,PROt2rpp,0.169691,173.6,41549.1,1.0,0.6,0.4
47,PROtex,0.169691,172.7,41513.8,1.0,0.6,0.4
48,CBMKr,0.163054,176.7,24790.9,1.0,0.533,0.2
49,HXAND,0.161699,349.4,130778.7,1.0,0.533,0.333
50,EX_LalaDgluMdap_e,0.154229,131.8,12842.5,1.0,0.6,0.267
51,3PEPTtex,0.154229,147.3,21227.2,1.0,0.6,0.267
52,EX_so4_e,0.149667,161.3,15023.8,1.0,0.6,0.133
53,SO4tex,0.149667,288.9,92103.1,1.0,0.6,0.133
54,PGP161abcpp,0.148378,110.4,4284.3,1.0,0.6,0.267
55,PGPP161pp,0.148378,109.7,4253.4,1.0,0.6,0.267
56,RNTR4c2,0.148267,273.0,57812.1,1.0,0.333,0.2
57,ACACT1r,0.147546,132.7,8360.1,1.0,0.667,0.0
58,ACACT2r,0.147546,132.7,8250.8,1.0,0.667,0.0
59,ACOAD1f,0.147546,152.3,17878.5,1.0,0.667,0.0
60,ACOAD2f,0.147546,151.2,18421.2,1.0,0.667,0.0
61,ECOAH1,0.147546,125.4,5472.3,1.0,0.667,0.0
62,ECOAH2,0.147546,124.4,5394.0,1.0,0.667,0.0
63,PUNP5,0.146706,404.0,103518.4,1.0,0.4,0.333
64,EX_gly_e,0.143911,214.1,46946.1,1.0,0.533,0.267
65,FE2t3pp,0.143747,197.9,41127.7,1.0,0.333,0.267
66,EX_hxa_e,0.142684,128.8,6586.0,1.0,0.533,0.067
67,FACOAE60,0.142684,122.4,4579.3,1.0,0.533,0.067
68,HXAtex,0.142684,156.8,30935.6,1.0,0.533,0.067
69,ADSK,0.141659,193.4,30096.5,1.0,0.6,0.133
70,BPNT,0.141659,195.7,30239.5,1.0,0.6,0.133
71,SADT2,0.141659,227.3,50257.4,1.0,0.6,0.133
72,SULR,0.141659,272.8,89408.7,1.0,0.6,0.133
73,EX_xtsn_e,0.13859,159.5,11042.1,1.0,0.4,0.133
74,XTSNt2rpp,0.13859,228.1,55962.9,1.0,0.4,0.133
75,XTSNtex,0.13859,228.0,55939.0,1.0,0.4,0.133
76,EX_h_e,0.133938,201.3,22654.1,1.0,0.467,0.2
77,EX_h2s_e,0.132597,147.6,10457.5,1.0,0.533,0.133
78,EX_5dglcn_e,0.130372,190.0,24814.7,1.0,0.4,0.133
79,5DGLCNR,0.130372,212.4,35362.8,1.0,0.467,0.133
80,5DGLCNt2rpp,0.130372,212.7,34795.9,1.0,0.467,0.133
81,5DGLCNtex,0.130372,212.1,34739.7,1.0,0.467,0.133
82,PYNP2r,0.128965,297.2,66130.7,1.0,0.4,0.267
83,AGM3Pt2pp,0.126231,292.6,50398.5,1.0,0.4,0.267
84,ICDHyr,0.125759,295.9,94434.7,1.0,0.333,0.133
85,FBA3,0.124954,165.7,23309.1,1.0,0.533,0.0
86,PFK_3,0.124954,277.8,66365.6,1.0,0.533,0.067
87,ARGAGMt7pp,0.124719,145.5,8111.3,1.0,0.533,0.2
88,XPPT,0.124583,348.7,83692.0,1.0,0.333,0.2
89,SUCCt3pp,0.122884,281.1,70395.5,1.0,0.4,0.133
90,EX_fe3_e,0.122377,188.9,11130.7,1.0,0.333,0.067
91,PLIPA2G161pp,0.119424,226.8,39775.2,1.0,0.4,0.133
92,CMPN,0.11795,173.5,20768.6,1.0,0.467,0.133
93,CSND,0.11795,161.5,14434.8,1.0,0.467,0.133
94,EX_ptrc_e,0.117333,232.9,26123.1,1.0,0.467,0.067
95,PTRCORNt7pp,0.117333,298.9,55327.5,1.0,0.467,0.067
96,PTRCtex,0.117333,310.8,63876.0,1.0,0.467,0.067
97,DADA,0.117131,213.1,41392.4,1.0,0.4,0.2
98,PGSA161,0.115994,131.9,3502.3,1.0,0.533,0.067
99,ATPS4rpp,0.113635,237.1,26080.9,1.0,0.333,0.0
100,ENO,0.113111,187.1,12405.2,1.0,0.4,0.067
101,PGM,0.113111,255.9,44176.5,1.0,0.4,0.067
102,AGM3PA,0.107705,300.3,38681.2,1.0,0.267,0.133
103,UDCPPtppi,0.105122,236.7,33789.5,1.0,0.333,0.2
104,PFL,0.104531,291.5,56735.3,1.0,0.333,0.133
105,EX_succ_e,0.103854,228.1,18876.7,1.0,0.2,0.133
106,SUCCtex,0.103854,309.2,60851.2,1.0,0.2,0.133
107,EX_ins_e,0.102962,219.1,19457.8,1.0,0.333,0.067
108,EX_orn_e,0.101916,228.8,13991.2,1.0,0.067,0.0
109,ACACT8r,0.100558,194.9,12673.4,1.0,0.333,0.133
110,CTECOAI8,0.100558,173.7,8991.4,1.0,0.333,0.133
111,ECOAH8,0.100558,185.5,10085.7,1.0,0.333,0.133
112,TRPAS2,0.100246,340.9,84694.4,1.0,0.4,0.067
113,ASNS2,0.099514,300.1,32364.4,1.0,0.333,0.067
114,PE181abcpp,0.093677,286.9,53134.1,1.0,0.4,0.0
115,SUCDi,0.093608,323.4,55888.8,1.0,0.267,0.067
116,ASPTA,0.091254,340.0,30922.4,1.0,0.133,0.133
117,CITL,0.091054,265.8,41404.5,1.0,0.267,0.133
118,PPK,0.089975,412.0,60177.7,1.0,0.2,0.133
119,PPA2,0.089204,400.4,77905.1,1.0,0.267,0.133
120,AGMH,0.089133,355.8,43154.0,1.0,0.2,0.067
121,PPCK,0.088897,386.4,51534.5,1.0,0.2,0.133
122,CDAPPA161,0.08859,358.4,52769.0,1.0,0.267,0.2
123,CYTK1,0.085255,199.5,12042.1,1.0,0.333,0.0
124,CYTBDpp,0.08471,246.5,32393.6,1.0,0.4,0.0
125,POX,0.084316,339.4,43928.5,1.0,0.2,0.0
126,ASNNpp,0.082824,315.8,29035.7,1.0,0.133,0.067
127,PDH,0.082665,337.9,53307.5,1.0,0.267,0.0
128,PGAMT,0.082551,293.1,47553.1,1.0,0.267,0.133
129,UAGDP,0.082551,300.5,53385.8,1.0,0.267,0.133
130,G1PTT,0.082296,251.3,21001.6,1.0,0.2,0.067
131,TDPGDH,0.082296,351.9,57367.8,1.0,0.2,0.067
132,ASPt2_3pp,0.081547,324.7,30588.5,1.0,0.133,0.067
133,PGCD,0.080736,389.5,55445.3,1.0,0.133,0.0
134,PSERT,0.080736,374.7,49533.0,1.0,0.133,0.0
135,PSP_L,0.080736,374.2,49419.6,1.0,0.133,0.0
136,COBALT2tpp,0.077612,271.4,43433.7,1.0,0.333,0.067
137,ZN2tpp,0.077233,448.7,84942.0,1.0,0.2,0.067
138,PLIPA2E161pp,0.077174,335.1,47844.8,1.0,0.133,0.0
139,RNTR3c2,0.077088,296.7,43305.4,1.0,0.2,0.2
140,ARGDC,0.075757,219.2,9045.5,1.0,0.133,0.0
141,TRPS2,0.073331,410.7,72757.9,1.0,0.133,0.067
142,ALAt2pp_copy2,0.072914,284.9,40825.1,1.0,0.267,0.0
143,EX_adn_e,0.07202,275.6,15302.4,1.0,0.133,0.0
144,ADNt2pp_copy2,0.07202,298.8,20622.2,1.0,0.133,0.0
145,ADNtex,0.07202,297.1,19889.1,1.0,0.133,0.0
146,EX_urea_e,0.071968,267.1,24908.4,1.0,0.133,0.0
147,AGMT,0.071968,317.4,35969.5,1.0,0.133,0.0
148,UREAtex,0.071968,363.4,59252.8,1.0,0.133,0.0
149,UREAtpp,0.071968,363.3,59176.2,1.0,0.133,0.0
150,EX_ala__L_e,0.071575,280.1,38186.2,1.0,0.267,0.0
151,ALAtex,0.071575,285.7,40191.6,1.0,0.267,0.0
152,ADA,0.071244,342.4,24564.4,1.0,0.0,0.0
153,3HAD140,0.071042,290.2,13055.2,1.0,0.2,0.0
154,PSD161,0.07008,340.2,33087.5,1.0,0.067,0.0
155,PSSA161,0.07008,356.1,43096.8,1.0,0.067,0.0
156,AACPS7,0.068942,291.3,13963.5,1.0,0.067,0.0
157,ASPK,0.066856,332.1,18341.6,1.0,0.0,0.0
158,ASAD,0.066856,248.3,4262.1,1.0,0.0,0.0
159,EX_asn__L_e,0.06634,343.1,28551.1,1.0,0.2,0.0
160,ASNtex,0.06634,359.1,32623.0,1.0,0.2,0.0
161,TPI,0.066255,489.3,84778.5,1.0,0.2,0.133
162,PSD160,0.064966,365.3,40409.1,1.0,0.133,0.067
163,PSSA160,0.064966,384.5,51319.3,1.0,0.133,0.067
164,3HAD160,0.064715,282.3,21260.8,1.0,0.133,0.067
165,3OAR160,0.064715,283.1,21556.8,1.0,0.067,0.067
166,3OAS160,0.064715,316.5,30415.4,1.0,0.067,0.067
167,PPC,0.063008,432.9,51888.1,1.0,0.133,0.067
168,ADD,0.062504,394.4,30098.3,1.0,0.0,0.0
169,EX_lipa_cold_e,0.061958,296.7,10894.2,1.0,0.067,0.0
170,CLIPAabctex,0.061958,288.3,18163.8,1.0,0.133,0.0
171,EDTXS3,0.061958,263.7,5225.5,1.0,0.067,0.0
172,EDTXS4,0.061958,262.7,5186.2,1.0,0.067,0.0
173,ZN2abcpp,0.061834,467.2,70389.6,1.0,0.067,0.0
174,EX_indole_e,0.061228,321.3,30703.4,1.0,0.133,0.0
175,ALATA_L,0.059326,354.1,33483.8,1.0,0.067,0.0
176,DGK1,0.058087,268.1,29873.0,1.0,0.133,0.0
177,EX_nh4_e,0.057611,376.7,25069.0,1.0,0.067,0.0
178,AGM3PApp,0.057474,355.1,19700.1,1.0,0.0,0.0
179,PE161abcpp,0.05745,439.3,44566.4,1.0,0.0,0.0
180,EX_anhgm_e,0.05664,336.7,31353.6,1.0,0.133,0.0
181,ANHGMtex,0.05664,347.7,33034.1,1.0,0.133,0.0
182,EAR120y,0.0561,308.0,30192.6,1.0,0.133,0.0
183,THIORDXi,0.055487,451.8,56126.9,1.0,0.067,0.0
184,CPPPGO,0.055405,300.3,35977.9,1.0,0.067,0.0
185,PPPGO,0.054039,371.5,22757.1,1.0,0.0,0.0
186,EX_glu__L_e,0.052839,379.3,34534.7,1.0,0.133,0.0
187,PAPPT3,0.05268,469.0,38292.6,1.0,0.0,0.0
188,UAGCVT,0.05268,480.7,40897.7,1.0,0.0,0.0
189,UAGPT3,0.05268,480.1,41642.6,1.0,0.0,0.0
190,UAPGR,0.05268,485.3,43802.9,1.0,0.0,0.0
191,UDCPDP,0.05268,488.1,45105.2,1.0,0.0,0.0
192,UGMDDS,0.05268,495.9,46803.8,1.0,0.0,0.0
193,AGMt2pp,0.052641,413.0,27853.6,1.0,0.067,0.0
194,PGK,0.052368,460.5,43703.8,1.0,0.0,0.0
195,PGI,0.052364,476.1,47044.6,1.0,0.067,0.067
196,CO2tpp,0.051813,329.1,34728.1,1.0,0.067,0.0
197,12DGR161tipp,0.051734,352.5,23156.1,1.0,0.067,0.0
198,DAGK161,0.051734,280.7,25895.2,1.0,0.067,0.0
199,CU2tpp,0.051004,280.5,31265.3,1.0,0.067,0.0
200,CU2abcpp,0.050486,278.5,31575.8,1.0,0.0,0.0
201,TRDR,0.049737,465.8,53272.5,1.0,0.0,0.0
202,EX_pheme_e,0.049618,333.3,10939.4,1.0,0.0,0.0
203,PHEMEabcpp,0.049618,411.4,31386.0,1.0,0.0,0.0
204,PHEMEtiex,0.049618,404.2,28485.7,1.0,0.0,0.0
205,FCLT,0.049593,299.3,10783.8,1.0,0.0,0.0
206,G1SAT,0.049593,291.7,11399.1,1.0,0.0,0.0
207,PPBNGS,0.049593,392.9,22329.6,1.0,0.0,0.0
208,UPP3S,0.049593,434.3,38895.4,1.0,0.0,0.0
209,UPPDC1,0.049593,434.5,39122.7,1.0,0.0,0.0
210,EX_g3pg_e,0.04952,385.3,16295.2,1.0,0.0,0.0
211,AKGDH,0.047835,432.3,21881.6,1.0,0.067,0.0
212,ALAR,0.046582,418.3,29750.2,1.0,0.067,0.0
213,PGL,0.046421,456.1,47753.6,1.0,0.067,0.067
214,EX_eca4colipa_e,0.04607,325.9,19607.5,1.0,0.0,0.0
215,AADDGT,0.04607,331.7,17707.9,1.0,0.0,0.0
216,ACGAMT,0.04607,338.8,17709.2,1.0,0.0,0.0
217,ACMAMUT,0.04607,362.7,21313.4,1.0,0.0,0.0
218,ECA4COLIPAabctex,0.04607,303.1,17789.5,1.0,0.0,0.0
219,ECA4OALpp,0.04607,303.9,17544.4,1.0,0.0,0.0
220,ECAP1pp,0.04607,303.5,17254.0,1.0,0.0,0.0
221,ECAP2pp,0.04607,301.5,17298.3,1.0,0.0,0.0
222,ECAP3pp,0.04607,302.7,16927.8,1.0,0.0,0.0
223,ECAtpp,0.04607,304.7,17278.5,1.0,0.0,0.0
224,TDPADGAT,0.04607,426.9,50241.1,1.0,0.0,0.0
225,TDPAGTA,0.04607,426.9,50208.7,1.0,0.0,0.0
226,UACMAMO,0.04607,410.0,39087.1,1.0,0.0,0.0
227,UAG2E,0.04607,408.4,39014.7,1.0,0.0,0.0
228,EX_uri_e,0.045106,365.6,40532.4,1.0,0.067,0.0
229,URIt2pp_copy2,0.045106,487.1,64210.1,1.0,0.067,0.0
230,URItex,0.045106,485.8,63915.9,1.0,0.067,0.0
231,AGPAT160,0.045015,425.0,37169.4,1.0,0.067,0.0
232,PMPK,0.044178,489.0,32243.3,1.0,0.0,0.0
233,EAR140y,0.043543,337.5,25611.8,1.0,0.067,0.0
234,PDX5POi,0.042148,491.8,21060.5,1.0,0.0,0.0
235,OPHHX,0.042148,491.4,21085.4,1.0,0.0,0.0
236,SERAT,0.041384,499.9,31833.1,1.0,0.0,0.0
237,DM_mththf_c,0.041361,354.1,45626.2,1.0,0.133,0.0
238,AHCYSNS,0.041361,372.2,47953.2,1.0,0.133,0.0
239,DHPTDCs2,0.041361,328.6,51204.1,1.0,0.2,0.0
240,RHCCE,0.041361,393.8,56923.9,1.0,0.133,0.0
241,2MAHMP,0.041271,382.5,24985.0,1.0,0.0,0.0
242,EX_h2o_e,0.040084,364.3,6572.0,1.0,0.0,0.0
243,PPA,0.03965,505.5,36097.1,1.0,0.0,0.0
244,EX_ade_e,0.039629,399.1,18170.2,1.0,0.0,0.0
245,ADEt2rpp,0.039629,449.0,20519.4,1.0,0.0,0.0
246,ADEtex,0.039629,445.3,20569.0,1.0,0.0,0.0
247,AACTOOR,0.039501,374.2,7671.6,1.0,0.0,0.0
248,AOBUTDs,0.039501,409.1,10349.8,1.0,0.0,0.0
249,AGPAT120,0.038995,439.1,11900.6,1.0,0.0,0.0
250,DASYN120,0.038995,296.9,14996.7,1.0,0.0,0.0
251,ACKr,0.037896,442.5,9117.1,1.0,0.0,0.0
252,PTAr,0.037896,520.0,28235.1,1.0,0.0,0.0
253,EX_ura_e,0.037439,374.7,11404.8,1.0,0.0,0.0
254,URAt2pp_copy2,0.037439,533.7,31670.1,1.0,0.0,0.0
255,URAtex,0.037439,533.1,31480.7,1.0,0.0,0.0
256,FDH4pp,0.037278,354.1,30626.1,1.0,0.067,0.0
257,CO2tex,0.037242,378.3,28438.7,1.0,0.0,0.0
258,ACS,0.037143,462.2,19543.9,1.0,0.0,0.0
259,CYTBO3_4pp,0.037114,337.9,37495.1,1.0,0.133,0.067
260,DMPPS,0.037001,325.6,11777.7,1.0,0.0,0.0
261,AGPAT181,0.036893,445.5,20089.8,1.0,0.0,0.0
262,DASYN181,0.036893,311.2,29469.9,1.0,0.067,0.0
263,ACLS,0.036801,397.8,25263.6,1.0,0.133,0.0
264,DHAD1,0.036801,306.2,26421.2,1.0,0.2,0.0
265,CHORM,0.035913,402.1,30674.4,1.0,0.067,0.067
266,DALAt2pp,0.035717,337.5,43444.1,1.0,0.067,0.0
267,PE120abcpp,0.035282,448.8,37144.9,1.0,0.133,0.0
268,PLIPA2E120pp,0.035282,443.5,35809.7,1.0,0.133,0.0
269,PSD120,0.035282,432.2,31762.5,1.0,0.133,0.0
270,PSSA120,0.035282,437.4,34197.0,1.0,0.133,0.0
271,EX_gua_e,0.035069,377.7,24214.2,1.0,0.067,0.0
272,PUNP2,0.034947,562.8,30638.3,1.0,0.0,0.0
273,ADK3,0.034483,455.2,9844.0,1.0,0.0,0.0
274,ASPO6,0.034433,440.8,14406.5,1.0,0.0,0.0
275,CHORS,0.033953,429.0,16599.7,1.0,0.0,0.0
276,DHQTi,0.033953,349.8,23879.5,1.0,0.067,0.0
277,PSCVT,0.033953,494.3,17954.4,1.0,0.0,0.0
278,SHK3Dr,0.033953,556.5,32471.3,1.0,0.0,0.0
279,SHKK,0.033953,555.9,32309.1,1.0,0.0,0.0
280,PPND,0.033765,490.0,31021.4,1.0,0.133,0.0
281,TYRTA,0.033765,537.7,40549.1,1.0,0.133,0.0
282,EX_ala__D_e,0.033561,420.3,22456.1,1.0,0.067,0.0
283,DALAtex,0.033561,346.3,46433.4,1.0,0.067,0.0
284,EX_val__L_e,0.032889,387.2,15588.0,1.0,0.067,0.0
285,VALt2rpp,0.032889,515.9,31927.4,1.0,0.067,0.0
286,VALtex,0.032889,517.3,32250.6,1.0,0.067,0.0
287,EX_g3pe_e,0.032698,397.7,7552.4,1.0,0.0,0.0
288,PLIPA2G160pp,0.031674,511.4,28407.1,1.0,0.067,0.0
289,AGM4PApp,0.031597,451.9,14575.3,1.0,0.0,0.0
290,EX_LalaDgluMdapDala_e,0.031596,415.9,15879.2,1.0,0.0,0.0
291,4PEPTtex,0.031596,471.3,14509.8,1.0,0.0,0.0
292,DADK,0.031563,337.9,37342.3,1.0,0.067,0.0
293,PLIPA2E160pp,0.031537,507.7,20634.8,1.0,0.0,0.0
294,EX_tyr__L_e,0.031168,415.9,22089.1,1.0,0.067,0.0
295,TYRt2rpp,0.031168,577.9,25107.4,1.0,0.067,0.0
296,TYRtex,0.031168,577.6,24840.8,1.0,0.067,0.0
297,ACONTa,0.030705,471.3,11674.1,1.0,0.0,0.0
298,ACONTb,0.030705,472.2,11766.6,1.0,0.0,0.0
299,TRPS1,0.030268,598.1,36456.8,1.0,0.0,0.0
300,3OAR120,0.029423,417.2,20351.9,1.0,0.0,0.0
301,CYSabc2pp,0.028407,352.9,27734.6,1.0,0.067,0.0
302,CYSabcpp,0.028407,353.0,28203.1,1.0,0.067,0.0
303,PUNP3,0.026039,588.3,36701.1,1.0,0.067,0.0
304,PE160abcpp,0.025497,566.9,12657.7,1.0,0.0,0.0
305,COLIPAabctex,0.025172,370.3,29674.1,1.0,0.067,0.0
306,ACOAD7f,0.02455,496.0,11302.7,1.0,0.0,0.0
307,COLIPAabcpp,0.024535,367.2,25727.2,1.0,0.0,0.0
308,AGMHE,0.024528,484.7,6630.4,1.0,0.0,0.0
309,S7PI,0.024528,526.3,7091.0,1.0,0.0,0.0
310,TDPDRE,0.024528,595.1,21721.2,1.0,0.0,0.0
311,TDPDRR,0.024528,594.1,21740.7,1.0,0.0,0.0
312,RHAT1,0.024528,568.9,15650.8,1.0,0.0,0.0
313,PGP120abcpp,0.024216,573.8,15913.3,1.0,0.0,0.0
314,PGPP120pp,0.024216,568.7,15516.5,1.0,0.0,0.0
315,PGSA120,0.024216,564.3,15381.1,1.0,0.0,0.0
316,EX_enlipa_e,0.022427,437.6,25517.7,1.0,0.0,0.0
317,ENLIPAabctex,0.022427,407.7,30323.5,1.0,0.0,0.0
318,PETNT161pp,0.022427,565.9,19100.1,1.0,0.0,0.0
319,EX_ile__L_e,0.022368,437.3,15655.0,1.0,0.0,0.0
320,ACHBS,0.021016,514.5,5187.7,1.0,0.0,0.0
321,EX_4abut_e,0.019383,432.9,37994.9,1.0,0.133,0.0
322,ABUTtex,0.019383,434.5,38483.8,1.0,0.133,0.0
323,EX_acolipa_e,0.018344,453.8,24807.5,1.0,0.067,0.0
324,ACOLIPAabctex,0.018344,502.7,20038.7,1.0,0.067,0.0
325,UDPGD,0.018344,609.3,29815.8,1.0,0.067,0.0
326,UDPGDC,0.018344,609.3,29932.8,1.0,0.0,0.0
327,UDPKAAT,0.018344,608.7,29948.6,1.0,0.0,0.0
328,ULA4NFT,0.018344,605.8,29423.3,1.0,0.067,0.0
329,ULA4Ntppi,0.018344,604.5,28442.8,1.0,0.0,0.0
330,UPLA4FNF,0.018344,605.7,28500.6,1.0,0.0,0.0
331,UPLA4FNT,0.018344,605.3,28673.2,1.0,0.0,0.0
332,ABTA,0.017681,474.0,26246.7,1.0,0.0,0.0
333,UAAGDS,0.017332,626.2,25302.6,1.0,0.0,0.0
334,EX_enter_e,0.016937,454.7,19072.5,1.0,0.0,0.0
335,PGP181abcpp,0.01691,604.3,10366.8,1.0,0.0,0.0
336,PGPP181pp,0.01691,597.7,9894.4,1.0,0.0,0.0
337,TALA,0.016515,680.7,18883.0,1.0,0.0,0.0
338,EX_o2_e,0.016252,502.5,21566.7,1.0,0.0,0.0
339,DHBD,0.015082,392.9,49083.0,1.0,0.133,0.0
340,DHBS,0.015082,395.7,48483.8,1.0,0.133,0.0
341,SERASr,0.015082,604.4,9799.5,1.0,0.0,0.0
342,3OAR140,0.0146,479.6,23655.1,1.0,0.0,0.0
343,3OAS140,0.0146,508.6,18005.0,1.0,0.0,0.0
344,PRAMPC,0.014009,597.6,10191.7,1.0,0.0,0.0
345,PRATPP,0.014009,601.2,9995.6,1.0,0.0,0.0
346,CTPS2,0.012642,413.8,51432.9,1.0,0.0,0.0
347,CPPPGO2,0.011805,440.6,49331.5,1.0,0.067,0.0
348,DM_5drib_c,0.011804,505.5,20276.8,1.0,0.0,0.0
349,5DOAN,0.011804,489.5,28111.4,1.0,0.0,0.0
350,AACPS1,0.010295,502.9,33033.0,1.0,0.0,0.0
351,SEPHCHCS,0.010095,636.5,6110.6,1.0,0.0,0.0
352,BIOMASS_Ec_iJO1366_WT_53p95M,0.010093,506.9,21211.3,1.0,0.0,0.0
353,AMMQLT8,0.010093,543.3,12334.4,1.0,0.0,0.0
354,CLPNS161pp,0.010093,454.1,46276.7,1.0,0.067,0.0
355,CLPNS181pp,0.010093,447.7,50052.4,1.0,0.067,0.0
356,EX_cbl1_e,0.010087,530.6,16155.7,1.0,0.0,0.0
357,CBL1tonex,0.010087,560.1,10060.1,1.0,0.0,0.0
358,CBL1abcpp,0.010079,559.2,10390.2,1.0,0.0,0.0
359,CBLAT,0.010079,560.8,10119.9,1.0,0.0,0.0
360,CDPMEK,0.009723,559.9,10824.9,1.0,0.0,0.0
361,PGSA181,0.008457,649.7,6557.7,1.0,0.0,0.0
362,BIOMASS_Ec_iJO1366_core_53p95M,0.007918,521.1,26979.3,1.0,0.0,0.0
363,AACPS3,0.006348,528.2,36227.2,1.0,0.0,0.0
364,12DGR160tipp,0.006192,528.8,35642.9,1.0,0.0,0.0
365,DAGK160,0.006192,448.1,65640.2,1.0,0.0,0.0
366,ACACT5r,0.005742,530.0,34328.3,1.0,0.0,0.0
367,GMPR,0.431033,64.5,43974.8,0.933,0.933,0.933
368,NTD11,0.327996,90.1,51958.1,0.933,0.867,0.733
369,MDDEP1pp,0.286901,120.6,50106.7,0.933,0.733,0.6
370,CYTBD2pp,0.231198,149.0,52830.1,0.933,0.6,0.467
371,NTPTP1,0.230573,178.1,76013.0,0.933,0.667,0.467
372,GTHRDtex,0.217601,149.3,68551.0,0.933,0.867,0.533
373,MTHFC,0.201553,122.6,47332.0,0.933,0.8,0.6
374,MTHFD,0.201553,122.4,47293.4,0.933,0.8,0.6
375,NTD8,0.191808,187.6,76445.4,0.933,0.733,0.533
376,OAADC,0.183967,283.3,85549.4,0.933,0.267,0.267
377,AMPN,0.169319,195.4,59493.8,0.933,0.467,0.267
378,NTPP1,0.158297,230.8,81484.9,0.933,0.467,0.267
379,FA160ACPHi,0.146264,217.4,39904.0,0.933,0.333,0.133
380,HEXt2rpp,0.142684,162.5,38927.0,0.933,0.533,0.067
381,ICHORS_copy2,0.13731,255.9,82364.4,0.933,0.4,0.333
382,DHAPT,0.13394,193.9,50226.4,0.933,0.533,0.267
383,FDH5pp,0.119652,275.9,76770.4,0.933,0.4,0.2
384,UPPRT,0.106927,332.1,78317.4,0.933,0.267,0.067
385,INStex,0.102962,349.8,98463.2,0.933,0.333,0.067
386,HSK,0.09408,339.3,96996.5,0.933,0.333,0.067
387,THRS,0.09408,321.5,78753.1,0.933,0.333,0.067
388,F6PA,0.090446,259.5,39460.4,0.933,0.2,0.067
389,G1PACT,0.082551,259.6,42447.0,0.933,0.267,0.133
390,DCTPD,0.080932,246.3,42232.4,0.933,0.267,0.133
391,ACPPAT160,0.080803,370.8,62077.0,0.933,0.267,0.067
392,APG3PAT160,0.080803,322.8,60579.5,0.933,0.333,0.067
393,FE2t2pp,0.07321,288.3,46708.5,0.933,0.133,0.067
394,DCYTD,0.072585,246.1,41416.8,0.933,0.133,0.0
395,PSD181,0.070355,375.3,57797.0,0.933,0.133,0.0
396,PSSA181,0.070355,375.1,53471.2,0.933,0.133,0.0
397,SUCCt2_3pp,0.066741,480.2,81905.5,0.933,0.133,0.0
398,PPPGO3,0.065309,439.3,43006.2,0.933,0.067,0.067
399,ACALD,0.060095,345.9,37403.8,0.933,0.067,0.0
400,ASPT,0.058761,387.5,54615.3,0.933,0.2,0.067
401,G3PAT160,0.055323,336.7,51709.4,0.933,0.067,0.0
402,EAR160x,0.054064,345.5,51126.7,0.933,0.133,0.067
403,PAPA161pp,0.052043,483.6,54678.7,0.933,0.067,0.0
404,EDA,0.050544,342.8,36723.6,0.933,0.067,0.0
405,EX_acald_e,0.04989,372.3,38234.6,0.933,0.067,0.0
406,ACALDtex,0.04989,371.0,37942.4,0.933,0.067,0.0
407,ACALDtpp,0.04989,370.4,37990.5,0.933,0.067,0.0
408,EX_hom__L_e,0.049824,384.6,29705.4,0.933,0.067,0.0
409,ASNt2rpp,0.049175,436.1,48049.7,0.933,0.067,0.0
410,PFK,0.048159,533.1,61187.8,0.933,0.067,0.067
411,SUCOAS,0.047972,570.3,59773.4,0.933,0.0,0.0
412,FACOAE120,0.046091,351.0,31907.6,0.933,0.067,0.0
413,ACOATA,0.045301,447.3,37946.7,0.933,0.067,0.0
414,DTMPK,0.043934,358.0,62064.1,0.933,0.2,0.0
415,ADSL1r,0.043821,419.1,48596.4,0.933,0.067,0.0
416,ADSS,0.043821,421.4,50130.1,0.933,0.067,0.0
417,HCYSMT,0.042741,411.3,73342.8,0.933,0.133,0.0
418,POR5,0.040278,478.3,48239.5,0.933,0.0,0.0
419,THRD_L,0.040156,559.8,54817.9,0.933,0.0,0.0
420,FBA,0.039943,345.0,47004.1,0.933,0.0,0.0
421,UMPK,0.039416,537.9,44037.3,0.933,0.0,0.0
422,PUNP1,0.038065,589.3,49405.9,0.933,0.067,0.0
423,G3PAT181,0.036893,361.1,42474.6,0.933,0.0,0.0
424,ACCOAC,0.036241,398.9,31189.4,0.933,0.0,0.0
425,EX_glc__D_e,0.036136,426.2,43795.9,0.933,0.0,0.0
426,COBALT2t3pp,0.036131,369.3,40139.7,0.933,0.2,0.0
427,XYLI2,0.034911,591.7,49537.5,0.933,0.0,0.0
428,RNTR1c2,0.031354,591.7,38851.9,0.933,0.0,0.0
429,ARGDCpp,0.031264,387.7,56749.4,0.933,0.133,0.0
430,PROD2,0.031254,507.3,24103.2,0.933,0.0,0.0
431,DHORD5,0.030774,369.1,35491.6,0.933,0.067,0.0
432,SSALx,0.030742,593.5,41397.6,0.933,0.0,0.0
433,ALAALAr,0.030634,487.9,32949.6,0.933,0.0,0.0
434,VPAMTr,0.029534,560.4,36003.4,0.933,0.067,0.067
435,3HAD120,0.029423,408.9,24384.4,0.933,0.0,0.0
436,AACPS8,0.029423,422.1,22569.2,0.933,0.0,0.0
437,3OAS120,0.029423,441.0,21972.0,0.933,0.0,0.0
438,EAR120x,0.029021,377.3,31869.8,0.933,0.0,0.0
439,PIt2rpp,0.02896,534.7,20904.2,0.933,0.0,0.0
440,ACODA,0.028449,486.9,35238.8,0.933,0.067,0.0
441,ACOTA,0.028449,484.7,35694.5,0.933,0.067,0.0
442,EX_ac_e,0.028095,439.9,29452.1,0.933,0.0,0.0
443,ACt2rpp,0.028095,517.2,35171.6,0.933,0.0,0.0
444,ACtex,0.028095,516.5,35202.0,0.933,0.0,0.0
445,ALAALAD,0.027414,512.9,29284.2,0.933,0.0,0.0
446,TRPS3,0.026364,609.5,38803.4,0.933,0.0,0.0
447,PAPSR2,0.02625,576.5,33800.0,0.933,0.0,0.0
448,FORtppi,0.025664,416.1,61349.5,0.933,0.0,0.0
449,EX_acser_e,0.024925,452.2,18102.3,0.933,0.0,0.0
450,ACSERtex,0.024925,509.5,20917.4,0.933,0.0,0.0
451,ACSERtpp,0.024925,511.9,20880.6,0.933,0.0,0.0
452,EX_arg__L_e,0.024476,454.5,21817.0,0.933,0.0,0.0
453,PLIPA2G120pp,0.024216,559.9,14730.4,0.933,0.0,0.0
454,THD2pp,0.023841,629.1,28299.2,0.933,0.0,0.0
455,EX_glcn_e,0.023031,463.1,29702.9,0.933,0.0,0.0
456,EX_ser__L_e,0.022875,455.3,27500.0,0.933,0.0,0.0
457,SERt2rpp,0.022875,615.2,25203.9,0.933,0.0,0.0
458,3HAD181,0.022149,467.6,26993.7,0.933,0.0,0.0
459,3OAR181,0.022149,455.3,26302.9,0.933,0.0,0.0
460,3OAS181,0.022149,525.4,19390.5,0.933,0.0,0.0
461,SSALy,0.021626,642.8,29393.3,0.933,0.0,0.0
462,UDCPDPpp,0.021551,596.2,21607.2,0.933,0.0,0.0
463,DHAD2,0.021016,385.8,49989.7,0.933,0.067,0.0
464,CS,0.020867,375.5,48456.4,0.933,0.067,0.0
465,ANPRT,0.020841,503.9,23825.1,0.933,0.0,0.0
466,ANS,0.020841,515.7,20675.6,0.933,0.0,0.0
467,PRAIi,0.020841,580.4,20426.4,0.933,0.0,0.0
468,ACGAMK,0.020585,477.7,37875.4,0.933,0.0,0.0
469,DRPA,0.019566,418.0,42526.3,0.933,0.067,0.0
470,PPM2,0.019566,566.1,9743.1,0.933,0.0,0.0
471,UAMAGS,0.017332,625.4,26127.4,0.933,0.0,0.0
472,UAMAS,0.017332,625.3,25653.1,0.933,0.0,0.0
473,EX_trp__L_e,0.01683,484.8,39807.2,0.933,0.0,0.0
474,TRPt2rpp,0.01683,656.5,21294.1,0.933,0.0,0.0
475,TRPtex,0.01683,651.4,21140.3,0.933,0.0,0.0
476,EX_spmd_e,0.016747,454.3,40661.2,0.933,0.0,0.0
477,O2tex,0.016252,642.9,19253.6,0.933,0.0,0.0
478,O2tpp,0.015982,649.6,19787.3,0.933,0.0,0.0
479,ENTCS,0.015082,463.3,41663.9,0.933,0.0,0.0
480,ATPPRT,0.014009,543.8,14940.5,0.933,0.0,0.0
481,PRMICI,0.014009,602.1,10606.0,0.933,0.0,0.0
482,EX_lys__L_e,0.013652,510.0,31162.3,0.933,0.0,0.0
483,ARGORNt7pp,0.013599,448.9,51826.7,0.933,0.067,0.0
484,EX_thymd_e,0.012501,489.6,33949.8,0.933,0.0,0.0
485,THMDt2pp_copy2,0.012501,659.3,13496.8,0.933,0.0,0.0
486,THMDtex,0.012501,653.7,13011.2,0.933,0.0,0.0
487,ACGK,0.011677,538.4,23356.8,0.933,0.0,0.0
488,ACGS,0.011677,547.9,21895.8,0.933,0.0,0.0
489,AGPR,0.011677,564.3,16602.9,0.933,0.0,0.0
490,EX_his__L_e,0.011612,501.9,25861.6,0.933,0.0,0.0
491,AICART,0.01142,560.7,19979.6,0.933,0.0,0.0
492,EX_15dap_e,0.010928,506.2,29169.0,0.933,0.0,0.0
493,CADVtpp,0.010928,546.8,22932.5,0.933,0.0,0.0
494,LYSDC,0.010928,634.9,9695.8,0.933,0.0,0.0
495,PGPP181,0.010145,641.3,11623.8,0.933,0.0,0.0
496,SHCHCS3,0.010095,675.5,5423.8,0.933,0.0,0.0
497,SUCBZL,0.010095,701.6,4313.5,0.933,0.0,0.0
498,SUCBZS,0.010095,704.7,4522.7,0.933,0.0,0.0
499,DHNAOT4,0.010093,445.5,64086.6,0.933,0.067,0.067
500,DHNCOAS,0.010093,445.3,64610.4,0.933,0.067,0.067
501,DHNCOAT,0.010093,457.1,59891.4,0.933,0.067,0.0
502,DMQMT,0.010093,465.7,45641.6,0.933,0.0,0.0
503,OHPHM,0.010093,654.8,6144.9,0.933,0.0,0.0
504,OMBZLM,0.010093,654.3,6159.7,0.933,0.0,0.0
505,DMATT,0.009907,468.7,49592.4,0.933,0.0,0.0
506,CTECOAI7,0.009902,433.1,62442.8,0.933,0.067,0.0
507,OCTDPS,0.009809,654.7,5510.0,0.933,0.0,0.0
508,DXPRIi,0.009723,472.3,51849.9,0.933,0.0,0.0
509,DXPS,0.009527,472.5,51853.8,0.933,0.0,0.0
510,ADPT,0.00949,571.1,23783.8,0.933,0.0,0.0
511,EX_glyc_e,0.009442,516.3,29189.7,0.933,0.0,0.0
512,SDPTA,0.00924,604.4,31812.7,0.933,0.0,0.0
513,SULabcpp,0.008527,708.1,11571.6,0.933,0.0,0.0
514,EX_dha_e,0.007987,529.2,35889.6,0.933,0.0,0.0
515,VALTA,0.007622,690.5,10475.4,0.933,0.0,0.0
516,OMPDC,0.0064,667.9,10422.4,0.933,0.0,0.0
517,PAPA160pp,0.006192,681.4,7907.4,0.933,0.0,0.0
518,ACOAD5f,0.005742,600.1,22109.5,0.933,0.0,0.0
519,ADCL,0.004964,617.8,19463.3,0.933,0.0,0.0
520,ADCS,0.004964,617.0,19493.7,0.933,0.0,0.0
521,ACACT3r,0.002566,553.0,42224.0,0.933,0.0,0.0
522,HACD1,0.147546,200.7,68026.5,0.867,0.667,0.0
523,HACD2,0.147546,200.3,68010.5,0.867,0.667,0.0
524,Htex,0.133938,383.7,140872.8,0.867,0.467,0.2
525,H2St1pp,0.132597,212.3,70167.1,0.867,0.533,0.133
526,H2Stex,0.132597,212.9,69808.0,0.867,0.533,0.133
527,GHMT2r,0.113387,247.2,69784.7,0.867,0.4,0.133
528,HSDy,0.110528,320.7,89710.1,0.867,0.267,0.067
529,HACD8,0.100558,262.1,64669.1,0.867,0.333,0.133
530,G3PD2,0.09001,258.8,62277.7,0.867,0.2,0.067
531,P5CD,0.082627,349.8,79536.3,0.867,0.2,0.0
532,G3PD6,0.081896,273.1,59992.2,0.867,0.133,0.0
533,Kt2pp,0.079819,522.5,116615.3,0.867,0.2,0.0
534,Kt3pp,0.077034,526.7,111959.2,0.867,0.133,0.0
535,DASYN161,0.059333,317.1,74824.4,0.867,0.133,0.067
536,EAR140x,0.056851,336.9,52688.9,0.867,0.133,0.0
537,G6PP,0.05413,383.7,75738.5,0.867,0.133,0.067
538,PA161abcpp,0.052043,503.7,63228.4,0.867,0.067,0.0
539,EDD,0.050544,357.3,48100.0,0.867,0.067,0.0
540,HMBS,0.049593,474.3,62211.5,0.867,0.0,0.0
541,G3PGtex,0.04952,354.1,55760.8,0.867,0.0,0.0
542,EAR181y,0.046811,362.9,72371.9,0.867,0.2,0.067
543,G6PDH2r,0.046421,377.5,68812.7,0.867,0.067,0.067
544,MTHTHFSs,0.041361,423.1,79168.2,0.867,0.133,0.0
545,EX_quin_e,0.040346,402.4,41376.5,0.867,0.067,0.0
546,QUIN2tex,0.040346,556.2,58044.6,0.867,0.067,0.0
547,QUIN2tpp,0.040346,564.2,59045.6,0.867,0.067,0.0
548,QUINDH,0.040346,572.1,64289.4,0.867,0.067,0.0
549,DUTPDP,0.039784,376.3,68097.6,0.867,0.133,0.0
550,GLYK,0.039038,531.6,57235.8,0.867,0.133,0.0
551,FACOAL120t2pp,0.038995,386.6,42822.0,0.867,0.0,0.0
552,G3PAT120,0.038995,386.2,42608.6,0.867,0.0,0.0
553,FACOAE160,0.037359,385.3,52936.1,0.867,0.0,0.0
554,KARA1,0.036801,507.6,79874.8,0.867,0.133,0.0
555,PUNP4,0.034149,597.7,48093.8,0.867,0.0,0.0
556,EAR181x,0.033344,399.1,59662.2,0.867,0.0,0.0
557,FEROpp,0.030456,612.2,56562.0,0.867,0.0,0.0
558,FACOAE100,0.029423,423.3,54776.8,0.867,0.0,0.0
559,DURIPP,0.028006,400.1,65638.9,0.867,0.133,0.0
560,GALUi,0.02659,455.3,40461.9,0.867,0.0,0.0
561,ARGt3pp,0.025659,391.7,53251.9,0.867,0.067,0.0
562,GLCTR1,0.024528,433.1,48699.7,0.867,0.0,0.0
563,GLCTR2,0.024528,432.8,48214.5,0.867,0.0,0.0
564,GALT1,0.024528,433.5,47931.6,0.867,0.0,0.0
565,GLCTR3,0.024528,434.2,48546.9,0.867,0.0,0.0
566,ARGtex,0.024476,417.4,55044.8,0.867,0.0,0.0
567,SERtex,0.022875,628.7,25081.5,0.867,0.0,0.0
568,OMPHHX,0.022451,579.5,35723.6,0.867,0.0,0.0
569,ACM6PH,0.020585,539.7,38392.6,0.867,0.0,0.0
570,AGDC,0.020585,520.9,39697.1,0.867,0.0,0.0
571,ANHMK,0.020585,525.7,38383.9,0.867,0.0,0.0
572,EDTXS1,0.019898,458.2,44546.5,0.867,0.0,0.0
573,EDTXS2,0.019898,450.6,48537.4,0.867,0.0,0.0
574,R15BPK,0.019338,665.1,27562.0,0.867,0.0,0.0
575,R1PK,0.019338,669.4,28611.3,0.867,0.0,0.0
576,ARGSL,0.018908,419.2,58669.2,0.867,0.067,0.0
577,ARGSS,0.018908,424.3,57880.2,0.867,0.067,0.0
578,PPM,0.018449,580.3,24247.9,0.867,0.0,0.0
579,DHFR,0.01719,423.9,76097.1,0.867,0.067,0.0
580,SPMDt3pp,0.016747,627.6,37009.4,0.867,0.0,0.0
581,SPMDtex,0.016747,633.3,39229.2,0.867,0.0,0.0
582,TMDS,0.014943,586.5,52266.3,0.867,0.0,0.0
583,PHETA1,0.014066,610.6,23620.5,0.867,0.0,0.0
584,PPNDH,0.014066,602.0,28454.0,0.867,0.0,0.0
585,5MTRtex,0.01326,496.4,47613.1,0.867,0.0,0.0
586,5MTRtpp,0.01326,498.6,50577.3,0.867,0.0,0.0
587,EX_phe__L_e,0.013259,522.6,36937.3,0.867,0.0,0.0
588,PHEt2rpp,0.013259,609.9,23361.6,0.867,0.0,0.0
589,PHEtex,0.013259,606.7,23601.2,0.867,0.0,0.0
590,EX_agm_e,0.013217,501.0,39387.4,0.867,0.0,0.0
591,AGMtex,0.013217,556.6,41192.8,0.867,0.0,0.0
592,PRPPS,0.012691,626.3,19088.8,0.867,0.0,0.0
593,ADNK1,0.012502,569.3,29702.8,0.867,0.0,0.0
594,TMPK,0.011344,706.4,21468.0,0.867,0.0,0.0
595,DAPtex,0.010928,449.1,77311.6,0.867,0.0,0.0
596,AIRC2,0.010742,575.9,26902.4,0.867,0.0,0.0
597,AIRC3,0.010742,577.3,28513.6,0.867,0.0,0.0
598,ADSL2r,0.010742,558.7,33996.4,0.867,0.0,0.0
599,PRASCSi,0.010742,608.3,23731.4,0.867,0.0,0.0
600,PRAGSr,0.010741,597.0,20382.9,0.867,0.0,0.0
601,PRAIS,0.010741,599.5,20212.7,0.867,0.0,0.0
602,PRFGS,0.010741,612.1,24177.8,0.867,0.0,0.0
603,EX_alaala_e,0.009997,525.9,34713.8,0.867,0.0,0.0
604,ALAALAtex,0.009997,570.1,27390.7,0.867,0.0,0.0
605,SDPDS,0.00924,613.3,36466.1,0.867,0.0,0.0
606,THDPS,0.00924,656.7,32187.7,0.867,0.0,0.0
607,PGP160abcpp,0.008998,657.8,11075.0,0.867,0.0,0.0
608,PGPP160pp,0.008998,653.0,11488.4,0.867,0.0,0.0
609,DHAtex,0.007987,454.6,82693.3,0.867,0.133,0.0
610,DHAtpp,0.007987,456.0,81828.0,0.867,0.133,0.0
611,AGPAT161,0.007619,598.0,20773.7,0.867,0.0,0.0
612,CLPNS160pp,0.007612,494.5,64581.7,0.867,0.133,0.0
613,PGSA160,0.007432,667.9,15746.6,0.867,0.0,0.0
614,A5PISO,0.006546,522.0,61125.3,0.867,0.067,0.0
615,RPI,0.00646,647.9,12646.8,0.867,0.0,0.0
616,ASPCT,0.0064,579.0,28507.7,0.867,0.0,0.0
617,ECOAH5,0.005742,506.5,59278.6,0.867,0.0,0.0
618,DHFS,0.004964,491.1,84431.1,0.867,0.067,0.067
619,DNMPPA,0.004964,485.5,83884.7,0.867,0.067,0.067
620,DNTPPA,0.004964,487.1,84167.2,0.867,0.067,0.067
621,DHNPA2r,0.004964,497.6,79772.7,0.867,0.067,0.0
622,DHPS2,0.004964,507.9,73133.3,0.867,0.067,0.0
623,NADH5,0.193819,237.9,113128.6,0.8,0.6,0.333
624,NTD10,0.151368,259.4,108415.0,0.8,0.533,0.133
625,GLYtex,0.143911,330.1,129940.6,0.8,0.533,0.267
626,HCO3E,0.119837,284.7,87843.9,0.8,0.4,0.067
627,LPLIPAL1G161pp,0.119424,295.6,115431.4,0.8,0.4,0.133
628,LDH_D2,0.110989,354.3,124711.1,0.8,0.267,0.133
629,ORNtex,0.101916,369.5,107663.1,0.8,0.067,0.0
630,NADDP,0.082859,425.1,103150.2,0.8,0.267,0.2
631,GTHRDabc2pp,0.077778,466.9,95653.6,0.8,0.067,0.0
632,GTHS,0.077755,465.9,93713.3,0.8,0.067,0.0
633,G5SD,0.061652,357.7,71920.7,0.8,0.067,0.0
634,GLYOX3,0.049232,458.2,78861.5,0.8,0.133,0.0
635,HXPRT,0.046558,617.7,84000.4,0.8,0.0,0.0
636,FUM,0.038503,430.5,79408.0,0.8,0.0,0.0
637,G3PEtex,0.032698,427.3,63850.9,0.8,0.0,0.0
638,ICL,0.023178,671.7,44733.7,0.8,0.0,0.0
639,OMMBLHX,0.022451,595.1,39611.7,0.8,0.0,0.0
640,FACOAL160t2pp,0.019261,471.6,67915.8,0.8,0.0,0.0
641,OCBT,0.018908,605.1,40404.5,0.8,0.0,0.0
642,EX_leu__L_e,0.017041,486.7,43540.9,0.8,0.0,0.0
643,GLCDpp,0.016097,503.2,76252.7,0.8,0.0,0.0
644,ICHORT,0.015082,723.0,25431.7,0.8,0.0,0.0
645,HSTPT,0.014009,734.1,23618.1,0.8,0.0,0.0
646,EX_5mtr_e,0.01326,509.2,37921.5,0.8,0.0,0.0
647,ADMDC,0.01326,580.4,37434.3,0.8,0.0,0.0
648,DDPA,0.011098,459.1,83613.1,0.8,0.0,0.0
649,DHQS,0.011098,488.7,74642.8,0.8,0.067,0.0
650,TDP,0.010514,722.9,17611.1,0.8,0.0,0.0
651,FACOAE140,0.010295,523.3,64659.7,0.8,0.0,0.0
652,DHORD2,0.00956,475.1,72578.2,0.8,0.067,0.0
653,EX_fe2_e,0.009404,515.3,45342.4,0.8,0.0,0.0
654,DAPE,0.00924,472.7,95973.8,0.8,0.0,0.0
655,DHDPRy,0.00924,480.3,93531.1,0.8,0.067,0.0
656,DHDPS,0.00924,478.7,92191.2,0.8,0.067,0.0
657,PGPP160,0.00877,668.2,17800.0,0.8,0.0,0.0
658,PGPP161,0.00877,666.7,18435.6,0.8,0.0,0.0
659,DAPDC,0.008007,479.1,93043.8,0.8,0.0,0.0
660,K2L4Aabcpp,0.007918,778.6,11165.4,0.8,0.0,0.0
661,K2L4Aabctex,0.007918,779.6,10945.7,0.8,0.0,0.0
662,FACOAL161t2pp,0.007246,545.7,70920.8,0.8,0.0,0.0
663,LYSt3pp,0.006987,642.2,15430.5,0.8,0.0,0.0
664,ZN2t3pp,0.006864,716.7,11734.8,0.8,0.0,0.0
665,DHORTS,0.0064,499.5,78061.8,0.8,0.067,0.0
666,TKT1,0.006073,749.1,7593.2,0.8,0.0,0.0
667,AACPS4,0.005223,540.1,42885.5,0.8,0.0,0.0
668,TKT2,0.004924,754.5,7068.0,0.8,0.0,0.0
669,ACACT4r,0.002565,557.4,45049.1,0.8,0.0,0.0
670,PItex,0.0014,684.3,21673.4,0.8,0.0,0.0
671,NTPP2,0.225314,315.6,159857.7,0.733,0.667,0.4
672,GART,0.170017,276.1,115403.3,0.733,0.533,0.2
673,GLYt2pp_copy2,0.143911,330.7,131192.4,0.733,0.533,0.267
674,FE3tex,0.123482,314.3,99349.5,0.733,0.333,0.133
675,MDDCP1pp,0.112283,371.9,138635.8,0.733,0.333,0.067
676,GLUDy,0.108271,365.7,106648.4,0.733,0.333,0.067
677,INSt2pp_copy2,0.102962,396.5,145390.4,0.733,0.333,0.067
678,GLYCLTDx,0.081746,418.2,108311.6,0.733,0.267,0.0
679,ORNDC,0.068352,528.3,106090.9,0.733,0.067,0.0
680,G6PDA,0.057983,410.9,93152.2,0.733,0.067,0.067
681,GAPD,0.052368,486.4,78229.4,0.733,0.0,0.0
682,G5SADs,0.051889,411.3,86142.5,0.733,0.067,0.0
683,HOMt2pp,0.049824,602.0,74771.7,0.733,0.067,0.0
684,GLUTRR,0.049593,439.9,66128.4,0.733,0.0,0.0
685,GLUTRS,0.049593,438.9,65220.7,0.733,0.0,0.0
686,NTPP8,0.037141,598.1,62268.4,0.733,0.0,0.0
687,HEX7,0.034911,649.5,66327.3,0.733,0.0,0.0
688,GLCptspp,0.027114,526.1,77645.9,0.733,0.0,0.0
689,GMHEPAT,0.024528,641.7,35298.2,0.733,0.0,0.0
690,GMHEPK,0.024528,642.3,34457.6,0.733,0.0,0.0
691,HEPK1,0.024528,638.3,34915.1,0.733,0.0,0.0
692,KARA2,0.021016,713.9,33521.7,0.733,0.0,0.0
693,GLUABUTt7pp,0.019383,544.1,74138.5,0.733,0.133,0.0
694,IPPMIb,0.018714,671.8,47478.5,0.733,0.0,0.0
695,IPPS,0.018714,678.9,50014.1,0.733,0.0,0.0
696,OMCDC,0.018714,611.1,42678.8,0.733,0.0,0.0
697,LA4NTpp,0.018344,690.1,54373.4,0.733,0.0,0.0
698,FEENTERtex,0.015173,698.1,18054.5,0.733,0.0,0.0
699,FEENTERtpp,0.015173,694.5,17236.3,0.733,0.0,0.0
700,SPMS,0.01326,705.6,22129.1,0.733,0.0,0.0
701,GLCS1,0.010093,549.7,74104.8,0.733,0.0,0.0
702,GRTT,0.009907,747.1,9013.4,0.733,0.0,0.0
703,FACOAE161,0.009322,539.8,70616.9,0.733,0.0,0.0
704,KDOCT2,0.006546,730.3,45342.4,0.733,0.067,0.0
705,ORPT,0.0064,714.8,19916.9,0.733,0.0,0.0
706,IPDPS,0.00601,782.3,7010.2,0.733,0.0,0.0
707,FE2abcpp,0.005486,553.0,88887.3,0.733,0.0,0.0
708,RPE,0.005308,668.5,20534.1,0.733,0.0,0.0
709,ACOAD3f,0.002566,629.7,31338.2,0.733,0.0,0.0
710,ACOAD4f,0.002565,634.2,32499.3,0.733,0.0,0.0
711,CYSTL,0.002241,517.8,96437.9,0.733,0.067,0.0
712,EX_cytd_e,0.001972,597.4,40564.1,0.733,0.0,0.0
713,CYTDt2pp_copy2,0.001972,493.0,102898.7,0.733,0.067,0.0
714,CYTDtex,0.001972,493.4,103050.0,0.733,0.067,0.0
715,U23GAAT,0.001602,732.8,9015.3,0.733,0.0,0.0
716,UAGAAT,0.001602,727.2,8629.7,0.733,0.0,0.0
717,USHD,0.001602,732.8,11667.0,0.733,0.0,0.0
718,UHGADA,0.001602,753.1,9344.8,0.733,0.0,0.0
719,EX_pi_e,0.0014,576.6,52156.7,0.733,0.0,0.0
720,EX_mobd_e,0.000693,600.9,42279.6,0.733,0.0,0.0
721,NDPK3,0.122518,382.4,144945.8,0.667,0.267,0.133
722,NDPK8,0.10911,411.9,137432.1,0.667,0.333,0.067
723,IMPD,0.080874,495.9,133402.4,0.667,0.067,0.067
724,NTP5,0.078288,523.8,110152.2,0.667,0.2,0.0
725,GLUCYS,0.077755,444.5,105072.3,0.667,0.067,0.0
726,LPLIPAL1E161pp,0.077174,435.3,130422.9,0.667,0.067,0.0
727,NDPK7,0.073486,517.7,122755.8,0.667,0.2,0.067
728,INSK,0.071244,511.7,121498.7,0.667,0.0,0.0
729,MLTGY3pp,0.062737,500.5,117568.6,0.667,0.067,0.0
730,INDOLEtex,0.061228,523.5,131513.7,0.667,0.133,0.0
731,MGSA,0.054665,476.1,116535.5,0.667,0.133,0.0
732,INDOLEt2rpp,0.053676,587.2,127396.6,0.667,0.2,0.067
733,NACODA,0.05315,525.7,96805.0,0.667,0.133,0.067
734,HOMtex,0.049824,601.1,74408.8,0.667,0.067,0.0
735,NTPP7,0.044386,596.3,89166.5,0.667,0.067,0.0
736,NTPP5,0.039773,620.3,77098.2,0.667,0.0,0.0
737,GLNS,0.037583,558.4,80855.8,0.667,0.067,0.0
738,NTD7,0.036115,628.8,74244.6,0.667,0.0,0.0
739,LPLIPAL1E120pp,0.035282,553.5,99501.0,0.667,0.133,0.0
740,GUAtex,0.035069,554.6,72821.4,0.667,0.067,0.0
741,GUAtpp,0.035069,554.5,72677.6,0.667,0.067,0.0
742,NTD9,0.029735,641.5,69400.3,0.667,0.0,0.0
743,GLCabcpp,0.028045,523.7,67099.7,0.667,0.0,0.0
744,FE2tpp,0.026644,502.2,100982.5,0.667,0.0,0.0
745,GMHEPPA,0.024528,640.8,34961.2,0.667,0.0,0.0
746,HEPK2,0.024528,639.9,35111.8,0.667,0.0,0.0
747,HEPT1,0.024528,638.8,35493.3,0.667,0.0,0.0
748,HEPT2,0.024528,636.7,34460.8,0.667,0.0,0.0
749,HEPT3,0.024528,634.9,33532.0,0.667,0.0,0.0
750,HEPT4,0.024528,629.7,34249.1,0.667,0.0,0.0
751,GRXR,0.02385,656.5,72432.6,0.667,0.133,0.0
752,GLCNtex,0.023031,505.6,86975.1,0.667,0.0,0.0
753,GLCt2pp,0.02179,607.2,61643.2,0.667,0.0,0.0
754,IPMD,0.018714,671.3,46841.2,0.667,0.0,0.0
755,IPPMIa,0.018714,670.8,47540.5,0.667,0.0,0.0
756,IGPDH,0.014009,760.1,29099.5,0.667,0.0,0.0
757,HIStex,0.011612,749.5,18008.6,0.667,0.0,0.0
758,G3PAT161,0.007619,554.4,83709.1,0.667,0.0,0.0
759,KDOPP,0.006546,737.2,46381.3,0.667,0.067,0.0
760,KDOPS,0.006546,741.3,48169.7,0.667,0.067,0.0
761,HACD5,0.005742,786.5,8333.6,0.667,0.0,0.0
762,GTPCI,0.004964,783.9,4559.5,0.667,0.0,0.0
763,ECOAH3,0.002566,559.4,81947.3,0.667,0.0,0.0
764,SHSL1,0.002241,759.9,5342.1,0.667,0.0,0.0
765,TDSK,0.001602,760.8,4225.6,0.667,0.0,0.0
766,ACACT6r,0.000351,579.7,71736.2,0.667,0.0,0.0
767,DM_4crsol_c,0.000251,583.3,49930.1,0.667,0.0,0.0
768,PDX5PS,0.00022,728.9,20059.2,0.667,0.0,0.0
769,PERD,0.00022,737.0,18931.1,0.667,0.0,0.0
770,PMDPHT,0.00022,705.3,22199.2,0.667,0.0,0.0
771,PNTK,0.00022,699.9,25373.7,0.667,0.0,0.0
772,PPCDC,0.00022,693.1,26416.2,0.667,0.0,0.0
773,PPNCL2,0.00022,700.6,26917.1,0.667,0.0,0.0
774,UPP3MT,0.00022,745.8,5466.2,0.667,0.0,0.0
775,ACACT7r,3.4e-05,595.5,63807.6,0.667,0.0,0.0
776,EX_cobalt2_e,0.0,585.4,52913.5,0.667,0.0,0.0
777,EX_mn2_e,0.0,603.5,52724.0,0.667,0.0,0.0
778,EX_ni2_e,0.0,612.7,49014.2,0.667,0.0,0.0
779,EX_cl_e,0.0,594.8,51307.0,0.667,0.0,0.0
780,PGMT,0.0,745.1,22446.1,0.667,0.0,0.0
781,Zn2tex,0.0,776.9,12494.1,0.667,0.0,0.0
782,MPTG2,0.07774,523.8,131448.3,0.6,0.133,0.0
783,NI2tpp,0.077245,523.2,133438.2,0.6,0.2,0.067
784,NTD4,0.076626,524.7,119812.1,0.6,0.067,0.0
785,NTD3,0.072585,520.3,130681.1,0.6,0.067,0.0
786,MDDCP4pp,0.069374,484.5,138541.7,0.6,0.067,0.0
787,MDDEP3pp,0.069374,483.9,137907.1,0.6,0.067,0.0
788,LIPACabcpp,0.061958,516.1,124014.5,0.6,0.067,0.0
789,GLU5K,0.061652,501.5,90960.7,0.6,0.067,0.0
790,NADPHQR2,0.059242,549.7,109499.2,0.6,0.133,0.0
791,GLYAT,0.058604,518.2,92007.5,0.6,0.067,0.0
792,NDPK5,0.058087,594.9,108055.1,0.6,0.067,0.0
793,GLYCLTDy,0.05418,547.5,90403.6,0.6,0.067,0.0
794,NDPK4,0.052211,637.8,93945.7,0.6,0.067,0.067
795,GARFT,0.044145,511.5,76016.8,0.6,0.0,0.0
796,H2Otpp,0.043591,572.1,69316.5,0.6,0.0,0.0
797,NI2abcpp,0.042373,585.0,84156.0,0.6,0.0,0.0
798,H2Otex,0.040084,574.6,62871.5,0.6,0.0,0.0
799,GLCtex_copy1,0.03599,551.0,92294.7,0.6,0.0,0.0
800,NTD6,0.035328,635.2,69032.7,0.6,0.0,0.0
801,GLUN,0.033127,596.2,79633.2,0.6,0.0,0.0
802,NTPP3,0.025286,677.1,55460.2,0.6,0.0,0.0
803,LIPAabcpp,0.022427,701.2,59380.7,0.6,0.0,0.0
804,ILEt2rpp,0.022368,693.2,62058.6,0.6,0.0,0.0
805,ILEtex,0.022368,692.4,62116.5,0.6,0.0,0.0
806,GLYCtpp,0.021372,685.9,31637.0,0.6,0.0,0.0
807,NTPP4,0.020872,691.7,45060.2,0.6,0.0,0.0
808,HISTD,0.014009,736.8,21232.7,0.6,0.0,0.0
809,HISTP,0.014009,736.7,21621.6,0.6,0.0,0.0
810,NTD5,0.012501,730.9,28434.7,0.6,0.0,0.0
811,HISt2rpp,0.011612,750.4,18101.8,0.6,0.0,0.0
812,GLGC,0.010093,657.1,45292.1,0.6,0.0,0.0
813,HEMEOS,0.010093,759.7,10468.6,0.6,0.0,0.0
814,FADRx,0.008323,561.9,92820.4,0.6,0.0,0.0
815,HPPK2,0.004964,786.7,4602.5,0.6,0.0,0.0
816,ECOAH4,0.002565,560.5,85209.7,0.6,0.0,0.0
817,ACOAD6f,0.000351,672.9,47597.6,0.6,0.0,0.0
818,CPMPS,0.000279,541.5,105732.7,0.6,0.067,0.0
819,AMPMS2,0.000251,641.9,51205.6,0.6,0.0,0.0
820,TMPPP,0.000251,785.0,4705.4,0.6,0.0,0.0
821,TYRL,0.000251,756.8,11188.9,0.6,0.0,0.0
822,ASP1DC,0.00022,647.4,50213.7,0.6,0.0,0.0
823,CHRPL,0.00022,638.6,58359.0,0.6,0.0,0.0
824,APRAUR,0.00022,531.3,105249.2,0.6,0.067,0.0
825,PANTS,0.00022,749.0,19102.7,0.6,0.0,0.0
826,OHPBAT,0.00022,745.1,18562.5,0.6,0.0,0.0
827,OPHBDC,0.00022,734.1,21896.9,0.6,0.0,0.0
828,PTPATi,0.00022,744.8,16059.9,0.6,0.0,0.0
829,SHCHD2,0.00022,762.3,10794.5,0.6,0.0,0.0
830,SHCHF,0.00022,766.1,9568.4,0.6,0.0,0.0
831,RBFSa,0.00022,797.1,4623.8,0.6,0.0,0.0
832,RBFSb,0.00022,797.1,5523.9,0.6,0.0,0.0
833,UDCPDPS,0.00022,749.5,8142.3,0.6,0.0,0.0
834,EX_k_e,0.0,580.0,54215.4,0.6,0.0,0.0
835,EX_cu2_e,0.0,598.5,55234.3,0.6,0.0,0.0
836,EX_mg2_e,0.0,594.3,54996.4,0.6,0.0,0.0
837,EX_ca2_e,0.0,617.2,49748.5,0.6,0.0,0.0
838,EX_zn2_e,0.0,584.3,60285.8,0.6,0.0,0.0
839,BMOCOS,0.0,652.2,43739.3,0.6,0.0,0.0
840,BMOGDS1,0.0,653.9,44756.3,0.6,0.0,0.0
841,BMOGDS2,0.0,654.1,44428.9,0.6,0.0,0.0
842,CA2tex,0.0,655.7,46538.0,0.6,0.0,0.0
843,CLt3_2pp,0.0,611.9,78802.1,0.6,0.067,0.067
844,CLtex,0.0,596.0,88455.3,0.6,0.067,0.0
845,COBALT2tex,0.0,592.0,93135.1,0.6,0.133,0.0
846,CU2tex,0.0,516.9,111325.8,0.6,0.0,0.0
847,MCTP2App,0.07774,561.3,158483.4,0.533,0.133,0.0
848,MDDCP2pp,0.07774,561.9,159695.8,0.533,0.133,0.0
849,NADH16pp,0.061847,545.3,113680.5,0.533,0.067,0.0
850,NADH17pp,0.058446,586.4,102857.8,0.533,0.067,0.067
851,MCTP1Bpp,0.053098,591.7,119726.8,0.533,0.0,0.0
852,MLDCP3App,0.053098,590.3,118003.5,0.533,0.0,0.0
853,MLDEP1pp,0.053098,589.3,118025.1,0.533,0.0,0.0
854,GLUtex,0.052839,569.2,95021.5,0.533,0.133,0.0
855,INDOLEt2pp,0.046216,616.4,114776.5,0.533,0.0,0.0
856,NTD2,0.041882,655.1,78900.4,0.533,0.067,0.067
857,NDPK1,0.038136,649.1,71416.2,0.533,0.0,0.0
858,NTD1,0.03752,674.1,75378.8,0.533,0.067,0.0
859,HEX1,0.033795,690.8,68386.3,0.533,0.0,0.0
860,RNTR2c2,0.032047,663.7,61398.7,0.533,0.0,0.0
861,LPLIPAL1E160pp,0.031537,659.7,80062.8,0.533,0.0,0.0
862,MOAT3C,0.024528,686.1,58848.2,0.533,0.0,0.0
863,NTPP11,0.021656,698.9,56617.8,0.533,0.0,0.0
864,GTHPi,0.021126,709.9,43207.9,0.533,0.0,0.0
865,ILETA,0.021016,744.7,42576.5,0.533,0.0,0.0
866,GTHOr,0.020854,716.7,43849.2,0.533,0.0,0.0
867,IGPS,0.020841,743.3,43270.4,0.533,0.0,0.0
868,NDPK2,0.014254,743.1,31190.0,0.533,0.0,0.0
869,IG3PS,0.014009,770.7,30557.4,0.533,0.0,0.0
870,GLCNt2rpp,0.013899,558.5,100314.8,0.533,0.0,0.0
871,IMPC,0.01142,752.7,38825.8,0.533,0.0,0.0
872,GLUPRT,0.010741,682.1,45736.1,0.533,0.0,0.0
873,FE2tex,0.009404,584.1,98153.6,0.533,0.0,0.0
874,HSST,0.002241,813.5,7287.8,0.533,0.0,0.0
875,ECOAH6,0.000351,584.5,92924.0,0.533,0.0,0.0
876,THZPSN3,0.000251,798.7,4725.2,0.533,0.0,0.0
877,QULNS,0.000223,780.1,7174.0,0.533,0.0,0.0
878,DB4PS,0.00022,542.0,127626.6,0.533,0.067,0.0
879,DPCOAK,0.00022,555.8,105159.0,0.533,0.067,0.0
880,DPR,0.00022,560.1,106465.4,0.533,0.067,0.0
881,DHPPDA2,0.00022,558.6,107405.1,0.533,0.067,0.0
882,E4PD,0.00022,567.5,99944.4,0.533,0.0,0.0
883,RBFK,0.00022,797.6,4387.4,0.533,0.0,0.0
884,ECOAH7,3.4e-05,579.5,88428.8,0.533,0.0,0.0
885,GF6PTA,0.0696,522.3,140871.7,0.467,0.267,0.0
886,NH4tpp,0.060933,623.7,116763.1,0.467,0.067,0.0
887,NH4tex,0.057611,628.1,110338.9,0.467,0.067,0.0
888,GUAPRT,0.052778,572.1,112462.0,0.467,0.133,0.0
889,GLUSy,0.052727,562.0,107374.9,0.467,0.067,0.0
890,MPTG,0.047751,625.3,93238.7,0.467,0.0,0.0
891,LDH_D,0.043138,678.9,106565.7,0.467,0.0,0.0
892,MLTGY1pp,0.039082,659.3,106034.8,0.467,0.0,0.0
893,EX_co2_e,0.037242,702.1,98984.6,0.467,0.0,0.0
894,NADS1,0.033016,701.0,79783.0,0.467,0.067,0.0
895,LPLIPAL1G160pp,0.031674,679.3,90735.2,0.467,0.067,0.0
896,METAT,0.026783,713.4,72298.7,0.467,0.067,0.0
897,H2SO,0.020537,725.3,39185.8,0.467,0.0,0.0
898,MALS,0.020495,738.2,56052.2,0.467,0.0,0.0
899,MN2tpp,0.019025,743.1,55223.8,0.467,0.0,0.0
900,MN2t3pp,0.018022,752.1,53681.4,0.467,0.0,0.0
901,GLUR,0.017332,677.3,59354.2,0.467,0.0,0.0
902,GLYCDx,0.015346,715.5,33960.0,0.467,0.0,0.0
903,LYStex,0.013652,789.5,43124.6,0.467,0.0,0.0
904,GLYCtex,0.009442,773.6,12824.3,0.467,0.0,0.0
905,GND,0.004942,799.7,9162.5,0.467,0.0,0.0
906,FMNAT,0.00022,585.6,98637.1,0.467,0.0,0.0
907,MACPD,0.045303,683.6,110532.4,0.4,0.067,0.0
908,MDH,0.037636,677.2,101770.2,0.4,0.067,0.0
909,MCOATA,0.036252,697.9,94879.8,0.4,0.0,0.0
910,NADH10,0.034758,670.7,74937.6,0.4,0.0,0.0
911,NNATr,0.033016,702.0,79198.3,0.4,0.067,0.0
912,MLDCP1App,0.032248,704.3,103716.1,0.4,0.0,0.0
913,MLTGY2pp,0.030579,702.9,96880.1,0.4,0.0,0.0
914,MDDEP2pp,0.030567,703.6,96725.3,0.4,0.0,0.0
915,MDH3,0.027082,750.3,69167.0,0.4,0.0,0.0
916,GTPHs,0.021656,673.5,73297.6,0.4,0.0,0.0
917,GLUt2rpp,0.021469,672.5,57126.8,0.4,0.0,0.0
918,NADPPPS,0.020528,758.3,58801.4,0.4,0.0,0.0
919,LEUTAi,0.018714,738.3,69838.0,0.4,0.0,0.0
920,LEUt2rpp,0.017041,749.2,63413.5,0.4,0.0,0.0
921,LEUtex,0.017041,750.1,63935.5,0.4,0.0,0.0
922,MEPCT,0.009723,825.3,20043.4,0.4,0.0,0.0
923,MECDPDH5,0.009723,815.9,18920.4,0.4,0.0,0.0
924,MECDPS,0.009723,812.7,18704.1,0.4,0.0,0.0
925,GCALDD,0.004964,755.4,28477.8,0.4,0.0,0.0
926,MOX,0.026597,726.8,67453.6,0.333,0.0,0.0
927,LPLIPAL1G120pp,0.024216,761.9,63556.6,0.333,0.0,0.0
928,NMNDA,0.023396,756.9,60329.4,0.333,0.0,0.0
929,GNK,0.022487,730.5,52741.8,0.333,0.0,0.0
930,NADK,0.021144,757.9,60371.4,0.333,0.0,0.0
931,MDH2,0.019542,788.5,50534.4,0.333,0.0,0.0
932,GLUDC,0.011061,737.4,42189.8,0.333,0.0,0.0
933,HACD3,0.002566,818.4,4901.5,0.333,0.0,0.0
934,GTPCII2,0.00022,827.9,5282.6,0.333,0.0,0.0
935,ICYSDS,6.5e-05,873.1,5432.9,0.333,0.0,0.0
936,Ktex,0.0,866.1,5455.8,0.333,0.0,0.0
937,I2FE2SS,0.0,865.3,5486.9,0.333,0.0,0.0
938,I2FE2SS2,0.0,864.7,5524.2,0.333,0.0,0.0
939,I2FE2ST,0.0,862.7,4995.4,0.333,0.0,0.0
940,I4FE4SR,0.0,868.1,5183.7,0.333,0.0,0.0
941,I4FE4ST,0.0,868.9,5512.1,0.333,0.0,0.0
942,MALt2_3pp,0.018384,810.1,56557.6,0.267,0.0,0.0
943,MALt3pp,0.018384,807.8,56016.7,0.267,0.0,0.0
944,MTAN,0.01326,809.3,35639.5,0.267,0.0,0.0
945,NI2t3pp,0.005686,839.7,12097.8,0.267,0.0,0.0
946,LPADSS,0.001602,876.3,7869.9,0.267,0.0,0.0
947,HACD4,0.002565,819.7,4689.6,0.2,0.0,0.0
948,MTHFR2,0.002109,864.5,6358.1,0.2,0.0,0.0
949,HACD6,0.000351,842.2,2752.0,0.2,0.0,0.0
950,HACD7,3.4e-05,847.1,3073.2,0.2,0.0,0.0
951,METS,0.002133,897.7,6130.8,0.133,0.0,0.0
952,MOAT2,0.001602,878.3,6738.2,0.133,0.0,0.0
953,MCTP1App,0.001555,888.5,6509.8,0.133,0.0,0.0
954,MOCOS,0.000736,885.7,3665.7,0.133,0.0,0.0
955,MOBDabcpp,0.000693,875.4,3770.7,0.133,0.0,0.0
956,MOBDtex,0.000693,883.1,3506.1,0.133,0.0,0.0
957,HBZOPT,0.00022,847.2,1829.9,0.133,0.0,0.0
958,MOAT,0.001602,890.3,5676.8,0.067,0.0,0.0
959,MPTAT,0.000279,884.7,3063.2,0.067,0.0,0.0
960,MPTS,0.000279,890.7,3478.1,0.067,0.0,0.0
961,MPTSS,0.000279,883.1,3521.6,0.067,0.0,0.0
962,NNDPR,0.000223,879.9,2600.0,0.067,0.0,0.0
963,MOHMT,0.00022,886.3,2947.2,0.067,0.0,0.0
964,MNtex,0.0,891.7,2935.2,0.067,0.0,0.0
965,NI2tex,0.0,886.5,2646.4,0.067,0.0,0.0
966,MOADSUx,0.000279,895.5,2519.6,0.0,0.0,0.0
967,MG2t3_2pp,0.0,919.5,1385.4,0.0,0.0,0.0
968,MG2tex,0.0,917.6,1725.5,0.0,0.0,0.0
